station_id,station_name,city,state,latitude,longitude,date,groundwater_level_mbgl,monthly_rainfall_mm,monthly_avg_temp_c,estimated_population
CGWB-JPR-01,Piezometer-MalviyaNagar,Jaipur,Rajasthan,26.85,75.8,2014-01-01,12.85,6.1,15.1,3325600
CGWB-JPR-01,Piezometer-MalviyaNagar,Jaipur,Rajasthan,26.85,75.8,2014-07-01,12.6,245.5,32.4,3342100
CGWB-JPR-01,Piezometer-MalviyaNagar,Jaipur,Rajasthan,26.85,75.8,2014-11-01,12.41,3.2,20.3,3353133
CGWB-JPR-01,Piezometer-MalviyaNagar,Jaipur,Rajasthan,26.85,75.8,2018-01-01,15.42,7.5,14.9,3665400
CGWB-JPR-01,Piezometer-MalviyaNagar,Jaipur,Rajasthan,26.85,75.8,2018-07-01,15.15,280.1,33.1,3686850
CGWB-JPR-01,Piezometer-MalviyaNagar,Jaipur,Rajasthan,26.85,75.8,2018-11-01,14.95,1.8,21,3701067
CGWB-JPR-01,Piezometer-MalviyaNagar,Jaipur,Rajasthan,26.85,75.8,2023-01-01,18.25,5.2,14.5,4107500
CGWB-JPR-01,Piezometer-MalviyaNagar,Jaipur,Rajasthan,26.85,75.8,2023-07-01,17.9,295.3,32.8,4139625
CGWB-JPR-01,Piezometer-MalviyaNagar,Jaipur,Rajasthan,26.85,75.8,2023-11-01,17.76,4.1,20.8,4160750
CGWB-MUM-01,Piezometer-Andheri,Mumbai,Maharashtra,19.11,72.86,2014-01-01,7.21,0.8,25.4,12945100
CGWB-MUM-01,Piezometer-Andheri,Mumbai,Maharashtra,19.11,72.86,2014-07-01,6.45,868.3,28.1,13038258
CGWB-MUM-01,Piezometer-Andheri,Mumbai,Maharashtra,19.11,72.86,2014-11-01,6.88,6.2,28.5,13099842
CGWB-MUM-01,Piezometer-Andheri,Mumbai,Maharashtra,19.11,72.86,2018-01-01,8.15,0.2,25,13833400
CGWB-MUM-01,Piezometer-Andheri,Mumbai,Maharashtra,19.11,72.86,2018-07-01,7.3,910.5,27.9,13925208
CGWB-MUM-01,Piezometer-Andheri,Mumbai,Maharashtra,19.11,72.86,2018-11-01,7.82,3.5,28.9,13987858
CGWB-MUM-01,Piezometer-Andheri,Mumbai,Maharashtra,19.11,72.86,2023-01-01,9.5,0.5,25.1,14854200
CGWB-MUM-01,Piezometer-Andheri,Mumbai,Maharashtra,19.11,72.86,2023-07-01,8.62,944.2,28,14960075
CGWB-MUM-01,Piezometer-Andheri,Mumbai,Maharashtra,19.11,72.86,2023-11-01,9.15,2.1,29.1,15027525
CGWB-KOL-01,Piezometer-SaltLake,Kolkata,West Bengal,22.58,88.41,2014-01-01,6.05,10.1,20.1,4531200
CGWB-KOL-01,Piezometer-SaltLake,Kolkata,West Bengal,22.58,88.41,2014-07-01,5.4,390.4,29.5,4554900
CGWB-KOL-01,Piezometer-SaltLake,Kolkata,West Bengal,22.58,88.41,2014-11-01,5.75,15.6,24.2,4570700
CGWB-KOL-01,Piezometer-SaltLake,Kolkata,West Bengal,22.58,88.41,2018-01-01,6.55,12.3,19.5,4789300
CGWB-KOL-01,Piezometer-SaltLake,Kolkata,West Bengal,22.58,88.41,2018-07-01,5.95,415.7,29.9,4813225
CGWB-KOL-01,Piezometer-SaltLake,Kolkata,West Bengal,22.58,88.41,2018-11-01,6.2,20.1,23.8,4829142
CGWB-KOL-01,Piezometer-SaltLake,Kolkata,West Bengal,22.58,88.41,2023-01-01,7.1,11.3,19.8,5105600
CGWB-KOL-01,Piezometer-SaltLake,Kolkata,West Bengal,22.58,88.41,2023-07-01,6.48,421.2,30.1,5137400
CGWB-KOL-01,Piezometer-SaltLake,Kolkata,West Bengal,22.58,88.41,2023-11-01,6.85,18.9,24,5158867
CGWB-DEL-01,Piezometer-Chanakyapuri,Delhi,NCT of Delhi,28.59,77.18,2014-01-01,22.1,21.2,14.2,17798200
CGWB-DEL-01,Piezometer-Chanakyapuri,Delhi,NCT of Delhi,28.59,77.18,2014-07-01,21.65,210.5,34.1,17976185
CGWB-DEL-01,Piezometer-Chanakyapuri,Delhi,NCT of Delhi,28.59,77.18,2014-11-01,21.8,0.5,19.5,18094823
CGWB-DEL-01,Piezometer-Chanakyapuri,Delhi,NCT of Delhi,28.59,77.18,2018-01-01,23.65,18.5,13.5,19134500
CGWB-DEL-01,Piezometer-Chanakyapuri,Delhi,NCT of Delhi,28.59,77.18,2018-07-01,23.2,235.1,33.8,19325825
CGWB-DEL-01,Piezometer-Chanakyapuri,Delhi,NCT of Delhi,28.59,77.18,2018-11-01,23.4,1.2,18.9,19453958
CGWB-DEL-01,Piezometer-Chanakyapuri,Delhi,NCT of Delhi,28.59,77.18,2023-01-01,25.45,19.7,13.9,20591800
CGWB-DEL-01,Piezometer-Chanakyapuri,Delhi,NCT of Delhi,28.59,77.18,2023-07-01,24.95,250.6,34.5,20789785
CGWB-DEL-01,Piezometer-Chanakyapuri,Delhi,NCT of Delhi,28.59,77.18,2023-11-01,25.15,0.8,19.2,20921242
CGWB-BLR-01,Piezometer-Koramangala,Bengaluru,Karnataka,12.97,77.59,2014-01-01,28.5,4.3,21.5,9855400
CGWB-BLR-01,Piezometer-Koramangala,Bengaluru,Karnataka,12.97,77.59,2014-07-01,28.1,110.2,24.1,10012350
CGWB-BLR-01,Piezometer-Koramangala,Bengaluru,Karnataka,12.97,77.59,2014-11-01,27.85,180.5,22.3,10118308
CGWB-BLR-01,Piezometer-Koramangala,Bengaluru,Karnataka,12.97,77.59,2018-01-01,30.1,2.1,22,11254100
CGWB-BLR-01,Piezometer-Koramangala,Bengaluru,Karnataka,12.97,77.59,2018-07-01,29.75,125.8,24.5,11432658
CGWB-BLR-01,Piezometer-Koramangala,Bengaluru,Karnataka,12.97,77.59,2018-11-01,29.4,195.2,22.8,11551408
CGWB-BLR-01,Piezometer-Koramangala,Bengaluru,Karnataka,12.97,77.59,2023-01-01,32.4,1.5,22.4,13193000
CGWB-BLR-01,Piezometer-Koramangala,Bengaluru,Karnataka,12.97,77.59,2023-07-01,31.95,130.4,24.8,13388625
CGWB-BLR-01,Piezometer-Koramangala,Bengaluru,Karnataka,12.97,77.59,2023-11-01,31.6,210.6,23.1,13519875
CGWB-AMD-01,Piezometer-Maninagar,Ahmedabad,Gujarat,23.02,72.57,2014-01-01,45.2,2.1,20.4,6410200
CGWB-AMD-01,Piezometer-Maninagar,Ahmedabad,Gujarat,23.02,72.57,2014-07-01,44.8,301.5,30.5,6488650
CGWB-AMD-01,Piezometer-Maninagar,Ahmedabad,Gujarat,23.02,72.57,2014-11-01,44.55,5.3,24.1,6541242
CGWB-AMD-01,Piezometer-Maninagar,Ahmedabad,Gujarat,23.02,72.57,2018-01-01,48.9,1.5,21.1,7185300
CGWB-AMD-01,Piezometer-Maninagar,Ahmedabad,Gujarat,23.02,72.57,2018-07-01,48.45,330.8,31.2,7274558
CGWB-AMD-01,Piezometer-Maninagar,Ahmedabad,Gujarat,23.02,72.57,2018-11-01,48.1,2.1,25,7335708
CGWB-AMD-01,Piezometer-Maninagar,Ahmedabad,Gujarat,23.02,72.57,2023-01-01,52.5,0.8,21.5,8253400
CGWB-AMD-01,Piezometer-Maninagar,Ahmedabad,Gujarat,23.02,72.57,2023-07-01,51.9,355.2,30.9,8363525
CGWB-AMD-01,Piezometer-Maninagar,Ahmedabad,Gujarat,23.02,72.57,2023-11-01,51.65,1.1,25.6,8438575
CGWB-HYD-01,Piezometer-BanjaraHills,Hyderabad,Telangana,17.38,78.48,2014-01-01,22.8,3.5,22.8,8895100
CGWB-HYD-01,Piezometer-BanjaraHills,Hyderabad,Telangana,17.38,78.48,2014-07-01,22.4,180.2,27.5,9012358
CGWB-HYD-01,Piezometer-BanjaraHills,Hyderabad,Telangana,17.38,78.48,2014-11-01,22.1,95.4,23.5,9091208
CGWB-HYD-01,Piezometer-BanjaraHills,Hyderabad,Telangana,17.38,78.48,2018-01-01,24.9,1.2,23.5,9685400
CGWB-HYD-01,Piezometer-BanjaraHills,Hyderabad,Telangana,17.38,78.48,2018-07-01,24.45,195.6,27.9,9812150
CGWB-HYD-01,Piezometer-BanjaraHills,Hyderabad,Telangana,17.38,78.48,2018-11-01,24.15,110.7,24,9896250
CGWB-HYD-01,Piezometer-BanjaraHills,Hyderabad,Telangana,17.38,78.48,2023-01-01,27.1,0.5,24.1,10654300
CGWB-HYD-01,Piezometer-BanjaraHills,Hyderabad,Telangana,17.38,78.48,2023-07-01,26.6,210.3,28.2,10801558
CGWB-HYD-01,Piezometer-BanjaraHills,Hyderabad,Telangana,17.38,78.48,2023-11-01,26.25,125.8,24.6,10895308
CGWB-PUN-01,Piezometer-Hinjewadi,Pune,Maharashtra,18.52,73.85,2014-01-01,15.6,0.2,21.8,4307200
CGWB-PUN-01,Piezometer-Hinjewadi,Pune,Maharashtra,18.52,73.85,2014-07-01,14.9,195.7,25.1,4358850
CGWB-PUN-01,Piezometer-Hinjewadi,Pune,Maharashtra,18.52,73.85,2014-11-01,14.7,45.1,22.9,4394042
CGWB-PUN-01,Piezometer-Hinjewadi,Pune,Maharashtra,18.52,73.85,2018-01-01,17.8,0.1,22.4,4725400
CGWB-PUN-01,Piezometer-Hinjewadi,Pune,Maharashtra,18.52,73.85,2018-07-01,17.05,220.4,25.5,4780150
CGWB-PUN-01,Piezometer-Hinjewadi,Pune,Maharashtra,18.52,73.85,2018-11-01,16.8,50.6,23.5,4817850
CGWB-PUN-01,Piezometer-Hinjewadi,Pune,Maharashtra,18.52,73.85,2023-01-01,20.1,0,22.9,5286300
CGWB-PUN-01,Piezometer-Hinjewadi,Pune,Maharashtra,18.52,73.85,2023-07-01,19.25,245.8,25.8,5349925
CGWB-PUN-01,Piezometer-Hinjewadi,Pune,Maharashtra,18.52,73.85,2023-11-01,18.95,55.3,24,5392975
CGWB-CHE-01,Piezometer-Teynampet,Chennai,Tamil Nadu,13.08,80.27,2014-01-01,8.1,35.5,26.5,8785400
CGWB-CHE-01,Piezometer-Teynampet,Chennai,Tamil Nadu,13.08,80.27,2014-07-01,8.9,105.2,31.2,8892150
CGWB-CHE-01,Piezometer-Teynampet,Chennai,Tamil Nadu,13.08,80.27,2014-11-01,8.25,450.6,27.1,8964042
CGWB-CHE-01,Piezometer-Teynampet,Chennai,Tamil Nadu,13.08,80.27,2018-01-01,9.8,25.1,27,9512600
CGWB-CHE-01,Piezometer-Teynampet,Chennai,Tamil Nadu,13.08,80.27,2018-07-01,10.75,95.8,31.8,9628150
CGWB-CHE-01,Piezometer-Teynampet,Chennai,Tamil Nadu,13.08,80.27,2018-11-01,9.95,480.2,27.5,9707250
CGWB-CHE-01,Piezometer-Teynampet,Chennai,Tamil Nadu,13.08,80.27,2023-01-01,11.5,15.3,27.4,10398100
CGWB-CHE-01,Piezometer-Teynampet,Chennai,Tamil Nadu,13.08,80.27,2023-07-01,12.4,115.7,32.1,10525225
CGWB-CHE-01,Piezometer-Teynampet,Chennai,Tamil Nadu,13.08,80.27,2023-11-01,11.65,510.8,27.9,10611375
CGWB-SRT-01,Piezometer-Katargam,Surat,Gujarat,21.17,72.83,2014-01-01,18.8,1.1,22.1,5120300
CGWB-SRT-01,Piezometer-Katargam,Surat,Gujarat,21.17,72.83,2014-07-01,18.1,450.6,29.1,5181958
CGWB-SRT-01,Piezometer-Katargam,Surat,Gujarat,21.17,72.83,2014-11-01,17.9,15.3,26.2,5224342
CGWB-SRT-01,Piezometer-Katargam,Surat,Gujarat,21.17,72.83,2018-01-01,20.5,0.5,22.8,5675400
CGWB-SRT-01,Piezometer-Katargam,Surat,Gujarat,21.17,72.83,2018-07-01,19.75,485.1,29.5,5743150
CGWB-SRT-01,Piezometer-Katargam,Surat,Gujarat,21.17,72.83,2018-11-01,19.5,10.8,26.9,5789950
CGWB-SRT-01,Piezometer-Katargam,Surat,Gujarat,21.17,72.83,2023-01-01,22.4,0.2,23.1,6389100
CGWB-SRT-01,Piezometer-Katargam,Surat,Gujarat,21.17,72.83,2023-07-01,21.5,510.9,29.8,6468083
CGWB-SRT-01,Piezometer-Katargam,Surat,Gujarat,21.17,72.83,2023-11-01,21.2,5.5,27.3,6521592
CGWB-KNP-01,Piezometer-Jajmau,Kanpur,Uttar Pradesh,26.44,80.33,2014-01-01,19.5,15.2,14.8,2985400
CGWB-KNP-01,Piezometer-Jajmau,Kanpur,Uttar Pradesh,26.44,80.33,2014-07-01,18.9,310.4,31.5,3008850
CGWB-KNP-01,Piezometer-Jajmau,Kanpur,Uttar Pradesh,26.44,80.33,2014-11-01,18.75,2.1,19.8,3024842
CGWB-KNP-01,Piezometer-Jajmau,Kanpur,Uttar Pradesh,26.44,80.33,2018-01-01,21.2,18.1,15.1,3152100
CGWB-KNP-01,Piezometer-Jajmau,Kanpur,Uttar Pradesh,26.44,80.33,2018-07-01,20.5,335.7,31.9,3177108
CGWB-KNP-01,Piezometer-Jajmau,Kanpur,Uttar Pradesh,26.44,80.33,2018-11-01,20.3,1.5,20.2,3194108
CGWB-KNP-01,Piezometer-Jajmau,Kanpur,Uttar Pradesh,26.44,80.33,2023-01-01,23.1,20.5,15.5,3356700
CGWB-KNP-01,Piezometer-Jajmau,Kanpur,Uttar Pradesh,26.44,80.33,2023-07-01,22.3,350.1,32.4,3384208
CGWB-KNP-01,Piezometer-Jajmau,Kanpur,Uttar Pradesh,26.44,80.33,2023-11-01,22.05,0.9,20.7,3402958
CGWB-VSK-01,Piezometer-Gajuwaka,Visakhapatnam,Andhra Pradesh,17.68,83.21,2014-01-01,6.5,2.2,24.5,2105300
CGWB-VSK-01,Piezometer-Gajuwaka,Visakhapatnam,Andhra Pradesh,17.68,83.21,2014-07-01,6.8,150.8,29.8,2121058
CGWB-VSK-01,Piezometer-Gajuwaka,Visakhapatnam,Andhra Pradesh,17.68,83.21,2014-11-01,6.1,280.4,26.1,2131642
CGWB-VSK-01,Piezometer-Gajuwaka,Visakhapatnam,Andhra Pradesh,17.68,83.21,2018-01-01,7.9,1.5,25.1,2243200
CGWB-VSK-01,Piezometer-Gajuwaka,Visakhapatnam,Andhra Pradesh,17.68,83.21,2018-07-01,8.25,165.2,30.1,2260100
CGWB-VSK-01,Piezometer-Gajuwaka,Visakhapatnam,Andhra Pradesh,17.68,83.21,2018-11-01,7.4,310.7,26.8,2271300
CGWB-VSK-01,Piezometer-Gajuwaka,Visakhapatnam,Andhra Pradesh,17.68,83.21,2023-01-01,9.4,0.8,25.5,2410500
CGWB-VSK-01,Piezometer-Gajuwaka,Visakhapatnam,Andhra Pradesh,17.68,83.21,2023-07-01,9.8,175.6,30.5,2429458
CGWB-VSK-01,Piezometer-Gajuwaka,Visakhapatnam,Andhra Pradesh,17.68,83.21,2023-11-01,8.9,330.1,27.2,2442442
CGWB-LKO-01,Piezometer-GomtiNagar,Lucknow,Uttar Pradesh,26.85,80.95,2014-01-01,20.1,18.5,14.2,3510000
CGWB-LKO-01,Piezometer-GomtiNagar,Lucknow,Uttar Pradesh,26.85,80.95,2014-07-01,19.45,320.2,31.8,3534500
CGWB-LKO-01,Piezometer-GomtiNagar,Lucknow,Uttar Pradesh,26.85,80.95,2014-11-01,19.2,3.1,19.5,3551167
CGWB-LKO-01,Piezometer-GomtiNagar,Lucknow,Uttar Pradesh,26.85,80.95,2018-01-01,22.3,20.1,14.5,3825000
CGWB-LKO-01,Piezometer-GomtiNagar,Lucknow,Uttar Pradesh,26.85,80.95,2018-07-01,21.6,345.5,32.1,3851250
CGWB-LKO-01,Piezometer-GomtiNagar,Lucknow,Uttar Pradesh,26.85,80.95,2018-11-01,21.4,2.5,19.9,3868750
CGWB-LKO-01,Piezometer-GomtiNagar,Lucknow,Uttar Pradesh,26.85,80.95,2023-01-01,24.5,15.8,14,4210000
CGWB-LKO-01,Piezometer-GomtiNagar,Lucknow,Uttar Pradesh,26.85,80.95,2023-07-01,23.75,360.8,32.5,4241500
CGWB-LKO-01,Piezometer-GomtiNagar,Lucknow,Uttar Pradesh,26.85,80.95,2023-11-01,23.5,1.9,20.1,4262250
CGWB-BHO-01,Piezometer-AreraColony,Bhopal,Madhya Pradesh,23.25,77.41,2014-01-01,10.5,8.2,16.5,2050000
CGWB-BHO-01,Piezometer-AreraColony,Bhopal,Madhya Pradesh,23.25,77.41,2014-07-01,9.8,350.1,28.5,2071750
CGWB-BHO-01,Piezometer-AreraColony,Bhopal,Madhya Pradesh,23.25,77.41,2014-11-01,9.6,10.5,20.1,2086542
CGWB-BHO-01,Piezometer-AreraColony,Bhopal,Madhya Pradesh,23.25,77.41,2018-01-01,12.7,5.5,17,2280000
CGWB-BHO-01,Piezometer-AreraColony,Bhopal,Madhya Pradesh,23.25,77.41,2018-07-01,11.9,375.4,29,2304000
CGWB-BHO-01,Piezometer-AreraColony,Bhopal,Madhya Pradesh,23.25,77.41,2018-11-01,11.75,8.1,20.5,2320000
CGWB-BHO-01,Piezometer-AreraColony,Bhopal,Madhya Pradesh,23.25,77.41,2023-01-01,14.8,3.1,17.2,2590000
CGWB-BHO-01,Piezometer-AreraColony,Bhopal,Madhya Pradesh,23.25,77.41,2023-07-01,13.9,390.2,29.2,2618583
CGWB-BHO-01,Piezometer-AreraColony,Bhopal,Madhya Pradesh,23.25,77.41,2023-11-01,13.7,5.2,20.8,2637708
CGWB-PAT-01,Piezometer-Kankarbagh,Patna,Bihar,25.59,85.13,2014-01-01,8.2,12.5,15.8,2210000
CGWB-PAT-01,Piezometer-Kankarbagh,Patna,Bihar,25.59,85.13,2014-07-01,7.5,380.6,31.1,2232167
CGWB-PAT-01,Piezometer-Kankarbagh,Patna,Bihar,25.59,85.13,2014-11-01,7.3,8.9,20.5,2247542
CGWB-PAT-01,Piezometer-Kankarbagh,Patna,Bihar,25.59,85.13,2018-01-01,9.5,15.1,16.2,2460000
CGWB-PAT-01,Piezometer-Kankarbagh,Patna,Bihar,25.59,85.13,2018-07-01,8.7,410.2,31.5,2484500
CGWB-PAT-01,Piezometer-Kankarbagh,Patna,Bihar,25.59,85.13,2018-11-01,8.5,5.3,21,2501083
CGWB-PAT-01,Piezometer-Kankarbagh,Patna,Bihar,25.59,85.13,2023-01-01,10.8,10.2,16.5,2780000
CGWB-PAT-01,Piezometer-Kankarbagh,Patna,Bihar,25.59,85.13,2023-07-01,9.9,430.5,31.8,2809167
CGWB-PAT-01,Piezometer-Kankarbagh,Patna,Bihar,25.59,85.13,2023-11-01,9.7,2.1,21.4,2828542
CGWB-BBI-01,Piezometer-Nayapalli,Bhubaneswar,Odisha,20.29,85.82,2014-01-01,5.8,15.2,22.5,1050000
CGWB-BBI-01,Piezometer-Nayapalli,Bhubaneswar,Odisha,20.29,85.82,2014-07-01,5.1,360.8,29.5,1060500
CGWB-BBI-01,Piezometer-Nayapalli,Bhubaneswar,Odisha,20.29,85.82,2014-11-01,4.9,50.1,25.1,1067500
CGWB-BBI-01,Piezometer-Nayapalli,Bhubaneswar,Odisha,20.29,85.82,2018-01-01,6.9,10.5,23,1150000
CGWB-BBI-01,Piezometer-Nayapalli,Bhubaneswar,Odisha,20.29,85.82,2018-07-01,6.2,385.2,29.8,1161500
CGWB-BBI-01,Piezometer-Nayapalli,Bhubaneswar,Odisha,20.29,85.82,2018-11-01,5.95,45.8,25.5,1169333
CGWB-BBI-01,Piezometer-Nayapalli,Bhubaneswar,Odisha,20.29,85.82,2023-01-01,8.1,8.1,23.2,1280000
CGWB-BBI-01,Piezometer-Nayapalli,Bhubaneswar,Odisha,20.29,85.82,2023-07-01,7.3,410.6,30.1,1292800
CGWB-BBI-01,Piezometer-Nayapalli,Bhubaneswar,Odisha,20.29,85.82,2023-11-01,7.05,35.5,25.8,1301333
CGWB-NAG-01,Piezometer-Sitabuldi,Nagpur,Maharashtra,21.14,79.08,2014-01-01,15.8,5.1,20.5,2850000
CGWB-NAG-01,Piezometer-Sitabuldi,Nagpur,Maharashtra,21.14,79.08,2014-07-01,15.1,310.2,28.9,2878500
CGWB-NAG-01,Piezometer-Sitabuldi,Nagpur,Maharashtra,21.14,79.08,2014-11-01,14.9,12.5,22.1,2897750
CGWB-NAG-01,Piezometer-Sitabuldi,Nagpur,Maharashtra,21.14,79.08,2018-01-01,17.9,3.2,21,3090000
CGWB-NAG-01,Piezometer-Sitabuldi,Nagpur,Maharashtra,21.14,79.08,2018-07-01,17.15,330.8,29.2,3120900
CGWB-NAG-01,Piezometer-Sitabuldi,Nagpur,Maharashtra,21.14,79.08,2018-11-01,16.9,10.1,22.5,3141450
CGWB-NAG-01,Piezometer-Sitabuldi,Nagpur,Maharashtra,21.14,79.08,2023-01-01,20.2,1.8,21.2,3410000
CGWB-NAG-01,Piezometer-Sitabuldi,Nagpur,Maharashtra,21.14,79.08,2023-07-01,19.3,355.5,29.5,3444100
CGWB-NAG-01,Piezometer-Sitabuldi,Nagpur,Maharashtra,21.14,79.08,2023-11-01,19.05,8.5,22.8,3466983
CGWB-LDH-01,Piezometer-MillerGanj,Ludhiana,Punjab,30.9,75.85,2014-01-01,25.5,25.2,12.5,1850000
CGWB-LDH-01,Piezometer-MillerGanj,Ludhiana,Punjab,30.9,75.85,2014-07-01,25.1,220.8,32.1,1868500
CGWB-LDH-01,Piezometer-MillerGanj,Ludhiana,Punjab,30.9,75.85,2014-11-01,24.9,5.1,17.5,1880583
CGWB-LDH-01,Piezometer-MillerGanj,Ludhiana,Punjab,30.9,75.85,2018-01-01,27.8,28.1,12.9,1990000
CGWB-LDH-01,Piezometer-MillerGanj,Ludhiana,Punjab,30.9,75.85,2018-07-01,27.3,245.2,32.5,2009900
CGWB-LDH-01,Piezometer-MillerGanj,Ludhiana,Punjab,30.9,75.85,2018-11-01,27.05,3.2,17.9,2023183
CGWB-LDH-01,Piezometer-MillerGanj,Ludhiana,Punjab,30.9,75.85,2023-01-01,30.1,30.5,13.1,2180000
CGWB-LDH-01,Piezometer-MillerGanj,Ludhiana,Punjab,30.9,75.85,2023-07-01,29.5,260.4,32.8,2201800
CGWB-LDH-01,Piezometer-MillerGanj,Ludhiana,Punjab,30.9,75.85,2023-11-01,29.2,1.1,18.2,2216233
CGWB-IND-01,Piezometer-Pithampur,Indore,Madhya Pradesh,22.71,75.85,2014-01-01,20.8,4.5,18.5,2550000
CGWB-IND-01,Piezometer-Pithampur,Indore,Madhya Pradesh,22.71,75.85,2014-07-01,20.1,315.2,27.8,2575500
CGWB-IND-01,Piezometer-Pithampur,Indore,Madhya Pradesh,22.71,75.85,2014-11-01,19.9,15.8,21.1,2592500
CGWB-IND-01,Piezometer-Pithampur,Indore,Madhya Pradesh,22.71,75.85,2018-01-01,22.9,2.1,19,2810000
CGWB-IND-01,Piezometer-Pithampur,Indore,Madhya Pradesh,22.71,75.85,2018-07-01,22.15,340.6,28.1,2838100
CGWB-IND-01,Piezometer-Pithampur,Indore,Madhya Pradesh,22.71,75.85,2018-11-01,21.9,12.1,21.5,2856867
CGWB-IND-01,Piezometer-Pithampur,Indore,Madhya Pradesh,22.71,75.85,2023-01-01,25.2,0.9,19.2,3180000
CGWB-IND-01,Piezometer-Pithampur,Indore,Madhya Pradesh,22.71,75.85,2023-07-01,24.3,360.1,28.5,3211800
CGWB-IND-01,Piezometer-Pithampur,Indore,Madhya Pradesh,22.71,75.85,2023-11-01,24.05,10.5,21.8,3232900
CGWB-CBE-01,Piezometer-Gandhipuram,Coimbatore,Tamil Nadu,11.01,76.95,2014-01-01,25.8,15.1,24.5,2080000
CGWB-CBE-01,Piezometer-Gandhipuram,Coimbatore,Tamil Nadu,11.01,76.95,2014-07-01,26.2,55.2,27.8,2100800
CGWB-CBE-01,Piezometer-Gandhipuram,Coimbatore,Tamil Nadu,11.01,76.95,2014-11-01,25.5,180.4,25.1,2114933
CGWB-CBE-01,Piezometer-Gandhipuram,Coimbatore,Tamil Nadu,11.01,76.95,2018-01-01,28.1,10.2,25,2290000
CGWB-CBE-01,Piezometer-Gandhipuram,Coimbatore,Tamil Nadu,11.01,76.95,2018-07-01,28.55,60.8,28.2,2312900
CGWB-CBE-01,Piezometer-Gandhipuram,Coimbatore,Tamil Nadu,11.01,76.95,2018-11-01,27.8,195.6,25.5,2328483
CGWB-CBE-01,Piezometer-Gandhipuram,Coimbatore,Tamil Nadu,11.01,76.95,2023-01-01,30.5,5.5,25.2,2580000
CGWB-CBE-01,Piezometer-Gandhipuram,Coimbatore,Tamil Nadu,11.01,76.95,2023-07-01,30.9,65.3,28.5,2605800
CGWB-CBE-01,Piezometer-Gandhipuram,Coimbatore,Tamil Nadu,11.01,76.95,2023-11-01,30.1,210.1,25.8,2623300
CGWB-GHY-01,Piezometer-PaltanBazar,Guwahati,Assam,26.18,91.75,2014-01-01,4.8,12.1,17.5,1210000
CGWB-GHY-01,Piezometer-PaltanBazar,Guwahati,Assam,26.18,91.75,2014-07-01,4.1,410.5,29.1,1222100
CGWB-GHY-01,Piezometer-PaltanBazar,Guwahati,Assam,26.18,91.75,2014-11-01,4.35,25.2,22.3,1230167
CGWB-GHY-01,Piezometer-PaltanBazar,Guwahati,Assam,26.18,91.75,2018-01-01,5.3,10.5,17.9,1315000
CGWB-GHY-01,Piezometer-PaltanBazar,Guwahati,Assam,26.18,91.75,2018-07-01,4.55,435.8,29.5,1328150
CGWB-GHY-01,Piezometer-PaltanBazar,Guwahati,Assam,26.18,91.75,2018-11-01,4.85,22.8,22.7,1337292
CGWB-GHY-01,Piezometer-PaltanBazar,Guwahati,Assam,26.18,91.75,2023-01-01,5.9,8.9,18.1,1450000
CGWB-GHY-01,Piezometer-PaltanBazar,Guwahati,Assam,26.18,91.75,2023-07-01,5.1,450.2,29.8,1464500
CGWB-GHY-01,Piezometer-PaltanBazar,Guwahati,Assam,26.18,91.75,2023-11-01,5.4,20.1,23,1474417
CGWB-SHL-01,Piezometer-PoliceBazar,Shillong,Meghalaya,25.57,91.88,2014-01-01,3.9,45.5,10.5,354000
CGWB-SHL-01,Piezometer-PoliceBazar,Shillong,Meghalaya,25.57,91.88,2014-07-01,3.1,1350.2,20.1,357540
CGWB-SHL-01,Piezometer-PoliceBazar,Shillong,Meghalaya,25.57,91.88,2014-11-01,3.45,80.1,14.8,360020
CGWB-SHL-01,Piezometer-PoliceBazar,Shillong,Meghalaya,25.57,91.88,2018-01-01,4.5,40.2,10.9,385000
CGWB-SHL-01,Piezometer-PoliceBazar,Shillong,Meghalaya,25.57,91.88,2018-07-01,3.65,1410.5,20.5,388850
CGWB-SHL-01,Piezometer-PoliceBazar,Shillong,Meghalaya,25.57,91.88,2018-11-01,4.05,75.5,15.2,391592
CGWB-SHL-01,Piezometer-PoliceBazar,Shillong,Meghalaya,25.57,91.88,2023-01-01,5.2,35.8,11.2,425000
CGWB-SHL-01,Piezometer-PoliceBazar,Shillong,Meghalaya,25.57,91.88,2023-07-01,4.3,1480.8,20.8,429250
CGWB-SHL-01,Piezometer-PoliceBazar,Shillong,Meghalaya,25.57,91.88,2023-11-01,4.7,68.9,15.5,432375
CGWB-DDN-01,Piezometer-RajpurRoad,Dehradun,Uttarakhand,30.31,78.03,2014-01-01,8.9,50.8,11.5,714000
CGWB-DDN-01,Piezometer-RajpurRoad,Dehradun,Uttarakhand,30.31,78.03,2014-07-01,8.1,650.2,25.5,721140
CGWB-DDN-01,Piezometer-RajpurRoad,Dehradun,Uttarakhand,30.31,78.03,2014-11-01,8.45,20.1,16.2,726020
CGWB-DDN-01,Piezometer-RajpurRoad,Dehradun,Uttarakhand,30.31,78.03,2018-01-01,9.8,45.5,11.9,780000
CGWB-DDN-01,Piezometer-RajpurRoad,Dehradun,Uttarakhand,30.31,78.03,2018-07-01,8.95,680.5,25.9,787800
CGWB-DDN-01,Piezometer-RajpurRoad,Dehradun,Uttarakhand,30.31,78.03,2018-11-01,9.3,18.5,16.6,793250
CGWB-DDN-01,Piezometer-RajpurRoad,Dehradun,Uttarakhand,30.31,78.03,2023-01-01,10.9,40.2,12.1,865000
CGWB-DDN-01,Piezometer-RajpurRoad,Dehradun,Uttarakhand,30.31,78.03,2023-07-01,9.95,710.8,26.1,873650
CGWB-DDN-01,Piezometer-RajpurRoad,Dehradun,Uttarakhand,30.31,78.03,2023-11-01,10.4,15.9,16.9,879542
CGWB-SML-01,Piezometer-TheMall,Shimla,Himachal Pradesh,31.1,77.17,2014-01-01,15.2,65.2,5.5,205000
CGWB-SML-01,Piezometer-TheMall,Shimla,Himachal Pradesh,31.1,77.17,2014-07-01,14.8,330.8,18.5,207050
CGWB-SML-01,Piezometer-TheMall,Shimla,Himachal Pradesh,31.1,77.17,2014-11-01,15.05,30.5,10.1,208425
CGWB-SML-01,Piezometer-TheMall,Shimla,Himachal Pradesh,31.1,77.17,2018-01-01,16.5,70.1,5.9,221000
CGWB-SML-01,Piezometer-TheMall,Shimla,Himachal Pradesh,31.1,77.17,2018-07-01,16.05,355.2,18.9,223210
CGWB-SML-01,Piezometer-TheMall,Shimla,Himachal Pradesh,31.1,77.17,2018-11-01,16.3,28.1,10.5,224688
CGWB-SML-01,Piezometer-TheMall,Shimla,Himachal Pradesh,31.1,77.17,2023-01-01,18.1,75.5,6.1,240000
CGWB-SML-01,Piezometer-TheMall,Shimla,Himachal Pradesh,31.1,77.17,2023-07-01,17.5,370.4,19.2,242400
CGWB-SML-01,Piezometer-TheMall,Shimla,Himachal Pradesh,31.1,77.17,2023-11-01,17.85,25.2,10.8,244000
CGWB-SGR-01,Piezometer-LalChowk,Srinagar,Jammu & Kashmir,34.08,74.79,2014-01-01,2.8,70.5,1.5,1310000
CGWB-SGR-01,Piezometer-LalChowk,Srinagar,Jammu & Kashmir,34.08,74.79,2014-07-01,2.5,95.2,24.5,1323100
CGWB-SGR-01,Piezometer-LalChowk,Srinagar,Jammu & Kashmir,34.08,74.79,2014-11-01,2.65,40.8,8.5,1331983
CGWB-SGR-01,Piezometer-LalChowk,Srinagar,Jammu & Kashmir,34.08,74.79,2018-01-01,3.1,75.8,1.9,1395000
CGWB-SGR-01,Piezometer-LalChowk,Srinagar,Jammu & Kashmir,34.08,74.79,2018-07-01,2.75,105.6,24.9,1408950
CGWB-SGR-01,Piezometer-LalChowk,Srinagar,Jammu & Kashmir,34.08,74.79,2018-11-01,2.95,38.9,8.9,1418425
CGWB-SGR-01,Piezometer-LalChowk,Srinagar,Jammu & Kashmir,34.08,74.79,2023-01-01,3.5,80.2,2.1,1490000
CGWB-SGR-01,Piezometer-LalChowk,Srinagar,Jammu & Kashmir,34.08,74.79,2023-07-01,3.1,115.3,25.2,1504900
CGWB-SGR-01,Piezometer-LalChowk,Srinagar,Jammu & Kashmir,34.08,74.79,2023-11-01,3.3,35.5,9.2,1514867
CGWB-DGP-01,Piezometer-SteelTownship,Durgapur,West Bengal,23.55,87.31,2014-01-01,11.2,14.1,19.5,610000
CGWB-DGP-01,Piezometer-SteelTownship,Durgapur,West Bengal,23.55,87.31,2014-07-01,10.5,380.2,30.1,616100
CGWB-DGP-01,Piezometer-SteelTownship,Durgapur,West Bengal,23.55,87.31,2014-11-01,10.3,20.5,23.5,619150
CGWB-DGP-01,Piezometer-SteelTownship,Durgapur,West Bengal,23.55,87.31,2018-01-01,12.8,16.5,19.9,655000
CGWB-DGP-01,Piezometer-SteelTownship,Durgapur,West Bengal,23.55,87.31,2018-07-01,12.05,405.8,30.5,661550
CGWB-DGP-01,Piezometer-SteelTownship,Durgapur,West Bengal,23.55,87.31,2018-11-01,11.8,18.1,23.9,665983
CGWB-DGP-01,Piezometer-SteelTownship,Durgapur,West Bengal,23.55,87.31,2023-01-01,14.5,12.8,20.1,710000
CGWB-DGP-01,Piezometer-SteelTownship,Durgapur,West Bengal,23.55,87.31,2023-07-01,13.6,420.4,30.8,717100
CGWB-DGP-01,Piezometer-SteelTownship,Durgapur,West Bengal,23.55,87.31,2023-11-01,13.35,15.9,24.2,721758
CGWB-ASN-01,Piezometer-Burnpur,Asansol,West Bengal,23.68,86.96,2014-01-01,13.1,15.5,19.2,1450000
CGWB-ASN-01,Piezometer-Burnpur,Asansol,West Bengal,23.68,86.96,2014-07-01,12.4,375.8,29.8,1464500
CGWB-ASN-01,Piezometer-Burnpur,Asansol,West Bengal,23.68,86.96,2014-11-01,12.15,22.1,23.1,1474417
CGWB-ASN-01,Piezometer-Burnpur,Asansol,West Bengal,23.68,86.96,2018-01-01,14.9,17.2,19.6,1580000
CGWB-ASN-01,Piezometer-Burnpur,Asansol,West Bengal,23.68,86.96,2018-07-01,14.1,395.2,30.2,1595800
CGWB-ASN-01,Piezometer-Burnpur,Asansol,West Bengal,23.68,86.96,2018-11-01,13.8,19.8,23.5,1606467
CGWB-ASN-01,Piezometer-Burnpur,Asansol,West Bengal,23.68,86.96,2023-01-01,16.7,14.1,19.9,1750000
CGWB-ASN-01,Piezometer-Burnpur,Asansol,West Bengal,23.68,86.96,2023-07-01,15.8,415.6,30.5,1767500
CGWB-ASN-01,Piezometer-Burnpur,Asansol,West Bengal,23.68,86.96,2023-11-01,15.5,17.5,23.8,1779167
CGWB-RNC-01,Piezometer-Kanke,Ranchi,Jharkhand,23.34,85.3,2014-01-01,9.1,10.2,18.1,1250000
CGWB-RNC-01,Piezometer-Kanke,Ranchi,Jharkhand,23.34,85.3,2014-07-01,8.4,340.5,27.5,1262500
CGWB-RNC-01,Piezometer-Kanke,Ranchi,Jharkhand,23.34,85.3,2014-11-01,8.2,25.8,21.5,1270833
CGWB-RNC-01,Piezometer-Kanke,Ranchi,Jharkhand,23.34,85.3,2018-01-01,10.6,12.8,18.5,1380000
CGWB-RNC-01,Piezometer-Kanke,Ranchi,Jharkhand,23.34,85.3,2018-07-01,9.8,360.1,27.9,1393800
CGWB-RNC-01,Piezometer-Kanke,Ranchi,Jharkhand,23.34,85.3,2018-11-01,9.55,22.1,21.9,1403100
CGWB-RNC-01,Piezometer-Kanke,Ranchi,Jharkhand,23.34,85.3,2023-01-01,12.2,9.5,18.8,1550000
CGWB-RNC-01,Piezometer-Kanke,Ranchi,Jharkhand,23.34,85.3,2023-07-01,11.3,380.7,28.2,1565500
CGWB-RNC-01,Piezometer-Kanke,Ranchi,Jharkhand,23.34,85.3,2023-11-01,11.05,19.8,22.2,1575917
CGWB-JSR-01,Piezometer-Sakchi,Jamshedpur,Jharkhand,22.8,86.2,2014-01-01,10.5,11.5,19.8,1560000
CGWB-JSR-01,Piezometer-Sakchi,Jamshedpur,Jharkhand,22.8,86.2,2014-07-01,9.7,355.2,29.1,1575600
CGWB-JSR-01,Piezometer-Sakchi,Jamshedpur,Jharkhand,22.8,86.2,2014-11-01,9.45,30.1,23.1,1586200
CGWB-JSR-01,Piezometer-Sakchi,Jamshedpur,Jharkhand,22.8,86.2,2018-01-01,12.1,13.2,20.1,1720000
CGWB-JSR-01,Piezometer-Sakchi,Jamshedpur,Jharkhand,22.8,86.2,2018-07-01,11.2,375.8,29.5,1737200
CGWB-JSR-01,Piezometer-Sakchi,Jamshedpur,Jharkhand,22.8,86.2,2018-11-01,10.9,28.5,23.5,1748533
CGWB-JSR-01,Piezometer-Sakchi,Jamshedpur,Jharkhand,22.8,86.2,2023-01-01,13.8,10.8,20.5,1910000
CGWB-JSR-01,Piezometer-Sakchi,Jamshedpur,Jharkhand,22.8,86.2,2023-07-01,12.8,390.4,29.8,1929100
CGWB-JSR-01,Piezometer-Sakchi,Jamshedpur,Jharkhand,22.8,86.2,2023-11-01,12.5,25.9,23.8,1941983
CGWB-BOK-01,Piezometer-Chas,Bokaro,Jharkhand,23.67,86.15,2014-01-01,14.2,14.8,19,1150000
CGWB-BOK-01,Piezometer-Chas,Bokaro,Jharkhand,23.67,86.15,2014-07-01,13.4,360.1,29.5,1161500
CGWB-BOK-01,Piezometer-Chas,Bokaro,Jharkhand,23.67,86.15,2014-11-01,13.15,24.5,22.8,1169333
CGWB-BOK-01,Piezometer-Chas,Bokaro,Jharkhand,23.67,86.15,2018-01-01,15.9,16.2,19.4,1250000
CGWB-BOK-01,Piezometer-Chas,Bokaro,Jharkhand,23.67,86.15,2018-07-01,15.05,380.6,29.9,1262500
CGWB-BOK-01,Piezometer-Chas,Bokaro,Jharkhand,23.67,86.15,2018-11-01,14.75,21.8,23.2,1270833
CGWB-BOK-01,Piezometer-Chas,Bokaro,Jharkhand,23.67,86.15,2023-01-01,17.8,13.5,19.7,1380000
CGWB-BOK-01,Piezometer-Chas,Bokaro,Jharkhand,23.67,86.15,2023-07-01,16.8,405.2,30.2,1393800
CGWB-BOK-01,Piezometer-Chas,Bokaro,Jharkhand,23.67,86.15,2023-11-01,16.5,19.9,23.5,1403100
CGWB-AGR-01,Piezometer-TajGanj,Agra,Uttar Pradesh,27.17,78,2014-01-01,28.5,8.5,14.5,1820000
CGWB-AGR-01,Piezometer-TajGanj,Agra,Uttar Pradesh,27.17,78,2014-07-01,28.1,280.2,33.5,1838200
CGWB-AGR-01,Piezometer-TajGanj,Agra,Uttar Pradesh,27.17,78,2014-11-01,27.9,2.1,19.1,1850267
CGWB-AGR-01,Piezometer-TajGanj,Agra,Uttar Pradesh,27.17,78,2018-01-01,30.4,10.1,14.9,1980000
CGWB-AGR-01,Piezometer-TajGanj,Agra,Uttar Pradesh,27.17,78,2018-07-01,29.9,305.8,33.9,1999800
CGWB-AGR-01,Piezometer-TajGanj,Agra,Uttar Pradesh,27.17,78,2018-11-01,29.65,1.5,19.5,2013000
CGWB-AGR-01,Piezometer-TajGanj,Agra,Uttar Pradesh,27.17,78,2023-01-01,32.6,7.8,15.1,2190000
CGWB-AGR-01,Piezometer-TajGanj,Agra,Uttar Pradesh,27.17,78,2023-07-01,31.9,320.4,34.2,2211900
CGWB-AGR-01,Piezometer-TajGanj,Agra,Uttar Pradesh,27.17,78,2023-11-01,31.6,0.8,19.8,2226550
CGWB-VNS-01,Piezometer-AssiGhat,Varanasi,Uttar Pradesh,25.31,82.97,2014-01-01,15.2,16.8,15.2,1650000
CGWB-VNS-01,Piezometer-AssiGhat,Varanasi,Uttar Pradesh,25.31,82.97,2014-07-01,14.5,330.5,32.1,1666500
CGWB-VNS-01,Piezometer-AssiGhat,Varanasi,Uttar Pradesh,25.31,82.97,2014-11-01,14.25,4.5,20.1,1677500
CGWB-VNS-01,Piezometer-AssiGhat,Varanasi,Uttar Pradesh,25.31,82.97,2018-01-01,16.9,18.2,15.5,1790000
CGWB-VNS-01,Piezometer-AssiGhat,Varanasi,Uttar Pradesh,25.31,82.97,2018-07-01,16.1,355.1,32.5,1807900
CGWB-VNS-01,Piezometer-AssiGhat,Varanasi,Uttar Pradesh,25.31,82.97,2018-11-01,15.8,3.1,20.5,1819883
CGWB-VNS-01,Piezometer-AssiGhat,Varanasi,Uttar Pradesh,25.31,82.97,2023-01-01,18.8,15.5,15.8,1980000
CGWB-VNS-01,Piezometer-AssiGhat,Varanasi,Uttar Pradesh,25.31,82.97,2023-07-01,17.9,370.8,32.8,1999800
CGWB-VNS-01,Piezometer-AssiGhat,Varanasi,Uttar Pradesh,25.31,82.97,2023-11-01,17.6,1.9,20.8,2013100
CGWB-GZB-01,Piezometer-Indirapuram,Ghaziabad,Uttar Pradesh,28.67,77.42,2014-01-01,24.8,20.1,14,2150000
CGWB-GZB-01,Piezometer-Indirapuram,Ghaziabad,Uttar Pradesh,28.67,77.42,2014-07-01,24.3,225.6,33.8,2171500
CGWB-GZB-01,Piezometer-Indirapuram,Ghaziabad,Uttar Pradesh,28.67,77.42,2014-11-01,24.05,1.1,19.2,2186083
CGWB-GZB-01,Piezometer-Indirapuram,Ghaziabad,Uttar Pradesh,28.67,77.42,2018-01-01,26.9,19.5,14.2,2350000
CGWB-GZB-01,Piezometer-Indirapuram,Ghaziabad,Uttar Pradesh,28.67,77.42,2018-07-01,26.35,240,,